country_name,power_index,available_manpower,purchasing_power_parity,defense_budget,active_personnel,reserve_personnel,air_force_personnel,army_personnel,navy_personnel,aircraft_total,attack,fighters,transport,helicopters,special_mission,trainers,attack_helicopters,tanker,naval_assets,aircraft_carriers,helicopter_carriers,destroyers,frigates,corvettes,submarines,patrol_vessels,mine_warfare,tanks,self_propelled_artillery,towed_artillery,rocket_artillery,external_debt,total_military_hardware,assets_per_capita,budget_to_gdp_ratio,power_index_rank,power_index_rank_gap,alliance_flag,continent,region,flag
Afghanistan,2.7342,15647405,82238000000,145000000,75000,0,0,165000,0,5,0,0,2,3,0,0,0,0,100,0,0,0,0,0,0,0,0,0,0,0,0,1929750000,105,6.70E-06,0.00176,125,124,Non-Aligned,Asia,Southern Asia,https://flagcdn.com/w320/af.png
Albania,1.7258,1522479,51360000000,720037190,7500,0,650,2335,1000,20,0,0,1,19,0,0,0,0,33,0,0,0,0,0,0,33,0,0,10,0,270,5363000000,53,3.48E-05,0.01402,75,74,NATO,Europe,Eastern Europe,https://flagcdn.com/w320/al.png
Algeria,0.4849,22570787,7.23E+11,25000000000,130000,150000,14000,280000,15000,620,42,111,63,300,10,90,74,4,111,0,0,0,8,8,6,75,3,1485,224,483,188,4764000000,2216,9.82E-05,0.03458,26,25,Non-Aligned,Africa,Northern Africa,https://flagcdn.com/w320/dz.png
Angola,1.1045,7440412,2.78E+11,31200000000,107000,0,6000,100000,1500,278,6,67,32,115,2,56,14,0,32,0,0,0,0,0,0,32,0,319,25,575,116,45299000000,629,8.45E-05,0.11213,57,56,Non-Aligned,Africa,Sub-Saharan Africa,https://flagcdn.com/w320/ao.png
Argentina,0.5983,20677529,1.21E+12,993919790,108000,12370,14000,108000,18370,241,11,23,25,96,13,71,0,2,42,0,0,3,0,6,2,13,0,362,20,172,27,74362000000,645,3.12E-05,0.00082,31,30,Non-Aligned,Americas,South America,https://flagcdn.com/w320/ar.png
Armenia,2.2016,1666988,60909000000,1480000000,65000,210000,5000,65000,0,69,14,4,3,36,0,12,20,0,100,0,0,0,0,0,0,0,0,109,104,193,100,6002000000,278,0.0001668,0.0243,99,98,Non-Aligned,Middle East,Western Asia (Middle East),https://flagcdn.com/w320/am.png
Australia,0.3208,11242811,1.64E+12,57350000000,58910,33270,21584,44235,20607,348,71,24,37,72,31,107,22,6,45,0,2,3,7,0,6,13,3,46,0,48,8,3.77E+12,439,3.90E-05,0.03508,16,15,Non-Aligned,Oceania,Australia & New Zealand,https://flagcdn.com/w320/au.png
Austria,1.3759,4035592,5.81E+11,6103900800,25000,125600,4300,141000,0,90,0,15,11,41,0,23,0,0,100,0,0,0,0,0,0,0,0,56,30,0,0,6.93E+11,246,6.10E-05,0.0105,65,64,Non-Aligned,Europe,Western Europe,https://flagcdn.com/w320/at.png
Azerbaijan,1.1991,5218617,2.25E+11,5100000000,128000,306000,15000,110000,3000,159,20,12,4,87,0,36,16,0,32,0,0,0,0,0,4,17,4,1354,135,651,696,12378000000,1545,0.0002961,0.02265,58,57,Non-Aligned,Middle East,Western Asia (Middle East),https://flagcdn.com/w320/az.png
Bahrain,1.6731,846120,93937000000,997015509,18400,110000,1500,130000,700,137,0,28,3,66,0,40,34,0,64,0,0,0,2,2,0,50,0,150,38,26,18,54450000000,351,0.0004148,0.01061,73,72,Non-Aligned,Middle East,Western Asia (Middle East),https://flagcdn.com/w320/bh.png
Bangladesh,0.6517,82661620,1.47E+12,3340000000,204000,0,19000,173408,22000,212,0,41,17,67,4,83,0,0,121,0,0,0,7,6,2,61,5,320,36,487,103,58020000000,653,7.90E-06,0.00227,36,35,Non-Aligned,Asia,Southern Asia,https://flagcdn.com/w320/bd.png
Belarus,1.4072,5035769,2.65E+11,1034784000,63000,365400,11300,18000,0,194,50,43,4,70,0,27,31,0,100,0,0,0,0,0,0,0,0,577,357,190,206,18010000000,871,0.000173,0.0039,68,67,Non-Aligned,Europe,Eastern Europe,https://flagcdn.com/w320/by.png
Belgium,1.2201,4910830,7.49E+11,14900000000,26390,6600,5700,11547,1355,104,12,44,7,14,0,27,0,0,9,0,0,0,2,0,0,2,5,0,0,0,0,1.59E+12,113,2.30E-05,0.01989,59,58,NATO,Europe,Western Europe,https://flagcdn.com/w320/be.png
Belize,2.7342,15647405,82238000000,145000000,75000,0,0,165000,0,5,0,0,2,3,0,0,0,0,100,0,0,0,0,0,0,0,0,0,0,0,0,1929750000,105,6.70E-06,0.00176,125,124,Non-Aligned,Americas,Central America,https://flagcdn.com/w320/bz.png
Benin,3.8963,5584880,56424000000,137690000,4750,0,300,4750,200,7,0,0,1,5,1,0,0,0,2,0,0,0,0,0,0,2,0,0,0,16,0,6309000000,9,1.60E-06,0.00244,148,147,Non-Aligned,Africa,Sub-Saharan Africa,https://flagcdn.com/w320/bj.png
Bhutan,5.7991,203446,11517000000,26600000,16000,50000,0,66000,0,2,0,0,0,2,0,0,0,0,100,0,0,0,0,0,0,0,0,0,0,0,0,2827000000,102,0.0005014,0.00231,153,152,Non-Aligned,Asia,Southern Asia,https://flagcdn.com/w320/bt.png
Bolivia,1.8301,5417269,1.22E+11,467670000,40000,40000,10000,43000,4500,67,0,0,15,29,2,20,0,0,100,0,0,0,0,0,0,0,0,54,0,58,0,11174000000,221,4.08E-05,0.00383,80,79,Non-Aligned,Americas,South America,https://flagcdn.com/w320/bo.png
Bosnia-herzegovina,2.7342,15647405,82238000000,145000000,75000,0,0,165000,0,5,0,0,2,3,0,0,0,0,100,0,0,0,0,0,0,0,0,0,0,0,0,1929750000,105,6.70E-06,0.00176,125,124,Non-Aligned,Europe,Southern Europe,https://flagcdn.com/w320/ba.png
Botswana,2.9993,1029281,45553000000,581000000,12000,0,500,12000,0,45,0,10,9,16,0,10,0,0,100,0,0,0,0,0,0,0,0,45,12,36,20,1761000000,190,0.0001846,0.01275,140,139,Non-Aligned,Africa,Sub-Saharan Africa,https://flagcdn.com/w320/bw.png
Brazil,0.2374,112226271,4.17E+12,26400000000,376000,1340000,81000,1212217,80505,495,30,44,107,186,25,124,0,0,69,0,1,0,8,2,6,22,4,294,149,412,82,1.99E+11,858,7.60E-06,0.00634,10,9,Non-Aligned,Americas,South America,https://flagcdn.com/w320/br.png
Bulgaria,1.2522,3187850,2.20E+11,2485350000,36950,3000,8500,39950,4450,71,5,11,6,23,0,26,4,0,45,0,0,0,6,3,0,0,17,334,48,24,24,14277000000,450,0.0001412,0.01132,60,59,NATO,Europe,Eastern Europe,https://flagcdn.com/w320/bg.png
Burundi,2.7342,15647405,82238000000,145000000,75000,0,0,165000,0,5,0,0,2,3,0,0,0,0,100,0,0,0,0,0,0,0,0,0,0,0,0,1929750000,105,6.70E-06,0.00176,125,124,Non-Aligned,Africa,Sub-Saharan Africa,https://flagcdn.com/w320/bi.png
Cambodia,1.8434,8190561,1.24E+11,750000000,124300,0,1500,75000,2800,24,0,0,4,20,0,0,0,0,20,0,0,0,0,0,0,20,0,520,30,525,521,8019000000,564,6.89E-05,0.00606,81,80,Non-Aligned,Asia,South-East Asia,https://flagcdn.com/w320/kh.png
Cameroon,2.1689,10528476,1.43E+11,835694942,38000,0,420,47000,1000,35,0,0,6,21,2,6,0,0,19,0,0,0,0,0,0,19,0,0,18,52,20,11112000000,54,5.10E-06,0.00583,97,96,Non-Aligned,Africa,Sub-Saharan Africa,https://flagcdn.com/w320/cm.png
Canada,0.5269,16681770,2.34E+12,45824959620,63500,23000,15560,49300,16300,354,0,66,29,146,34,95,0,6,67,0,0,0,12,0,4,17,0,74,0,0,0,2.57E+12,495,2.97E-05,0.01957,27,26,NATO,Americas,Northern America,https://flagcdn.com/w320/ca.png
Central-african-republic,4.2381,2203873,5926000000,300000000,30000,0,100,30000,0,8,8,0,0,0,0,0,0,0,100,0,0,0,0,0,0,0,0,0,0,0,0,724179000,108,4.90E-05,0.05062,152,151,Non-Aligned,Africa,Sub-Saharan Africa,https://flagcdn.com/w320/ca.png
Chad,1.8594,6873694,52895000000,706800000,37750,0,350,37750,0,40,7,0,7,16,2,8,3,0,100,0,0,0,0,0,0,0,0,90,10,13,16,2286000000,230,3.35E-05,0.01336,83,82,Non-Aligned,Africa,Sub-Saharan Africa,https://flagcdn.com/w320/td.png
Chile,0.8704,8959033,5.97E+11,6800000000,80000,40000,7645,80000,25000,274,0,45,33,86,18,92,0,5,130,0,0,0,8,0,4,40,0,386,48,249,9,2.36E+11,790,8.82E-05,0.0114,48,47,Non-Aligned,Americas,South America,https://flagcdn.com/w320/cl.png
China,0.0919,764123366,3.36E+13,3.03E+11,2035000,510000,403000,2545000,384000,3529,371,1443,287,1007,105,401,281,9,841,3,4,53,46,50,61,150,36,5870,2940,1400,2770,4.88E+11,10240,1.34E-05,0.00902,3,2,Non-Aligned,Asia,Eastern Asia,https://flagcdn.com/w320/cn.png
Colombia,0.7551,24298295,9.78E+11,15800000000,429000,998000,25000,2048583,35100,430,24,16,82,255,27,72,0,1,213,0,0,0,9,2,4,158,0,0,6,110,0,1.08E+11,643,2.65E-05,0.01616,42,41,Non-Aligned,Americas,South America,https://flagcdn.com/w320/co.png
Croatia,1.5432,2033557,1.65E+11,2744000000,14325,20100,1500,7000,1365,67,0,12,0,37,0,26,0,0,30,0,0,0,0,0,0,11,1,55,25,42,42,60500000000,152,7.47E-05,0.01665,71,70,NATO,Europe,Southern Europe,https://flagcdn.com/w320/hr.png
Cuba,1.3345,5921661,81165000000,3301500000,50000,40000,4120,90000,3550,20,0,11,4,13,0,3,4,0,19,0,0,0,1,1,0,6,4,194,140,364,200,36372600000,233,3.93E-05,0.04068,63,62,Non-Aligned,Americas,Central America,https://flagcdn.com/w320/cu.png
Cyprus,2.7342,15647405,82238000000,145000000,75000,0,0,165000,0,5,0,0,2,3,0,0,0,0,100,0,0,0,0,0,0,0,0,0,0,0,0,1929750000,105,6.70E-06,0.00176,125,124,Non-Aligned,Middle East,Western Asia (Middle East),https://flagcdn.com/w320/cy.png
Czechia,2.7342,15647405,82238000000,145000000,75000,0,0,165000,0,5,0,0,2,3,0,0,0,0,100,0,0,0,0,0,0,0,0,0,0,0,0,1929750000,105,6.70E-06,0.00176,125,124,NATO,Europe,Eastern Europe,https://flagcdn.com/w320/cz.png
Democratic-republic-of-the-congo,1.3051,39237029,1.64E+11,960000000,166580,30800,2550,103000,6700,56,6,0,10,38,0,2,9,0,16,0,0,0,0,0,0,16,0,212,16,125,81,7926000000,284,7.20E-06,0.00584,62,61,Non-Aligned,Africa,Sub-Saharan Africa,https://flagcdn.com/w320/cd.png
Denmark,0.8198,2628180,4.41E+11,14250000000,21000,12000,3475,88400,3600,122,19,26,4,34,3,36,0,0,50,0,0,0,9,0,0,9,6,44,19,0,8,6.11E+11,216,8.22E-05,0.03235,44,43,NATO,Europe,Northern Europe,https://flagcdn.com/w320/dk.png
Djibouti,2.7342,15647405,82238000000,145000000,75000,0,0,165000,0,5,0,0,2,3,0,0,0,0,100,0,0,0,0,0,0,0,0,0,0,0,0,1929750000,105,6.70E-06,0.00176,125,124,Non-Aligned,Africa,Sub-Saharan Africa,https://flagcdn.com/w320/dj.png
Dominican-republic,2.5853,4975294,2.77E+11,903000000,89000,189000,6730,28750,13200,80,8,0,11,49,1,17,0,0,34,0,0,0,0,0,0,14,0,6,0,14,0,35044000000,120,2.41E-05,0.00326,113,112,Non-Aligned,Americas,Central America,https://flagcdn.com/w320/do.png
Ecuador,1.4479,8422593,2.53E+11,2963400000,41250,118000,6200,25650,9400,99,0,0,20,43,8,34,0,0,30,0,0,0,2,6,2,5,0,202,5,106,24,39658000000,331,3.93E-05,0.01173,70,69,Non-Aligned,Americas,South America,https://flagcdn.com/w320/ec.png
Egypt,0.3651,45611372,1.96E+12,5193500000,438500,479000,50000,685000,50000,1088,90,242,53,348,11,344,100,0,149,0,2,0,13,7,8,61,17,3620,1056,962,648,1.17E+11,4857,0.0001065,0.00265,18,17,Non-Aligned,Africa,Northern Africa,https://flagcdn.com/w320/eg.png
El-salvador,2.9973,3181777,73961000000,1037200000,25000,0,2000,20500,2000,51,15,0,3,28,0,10,0,0,13,0,0,0,0,0,0,8,0,0,0,76,0,12668000000,64,2.01E-05,0.01402,139,138,Non-Aligned,Americas,Central America,https://flagcdn.com/w320/sv.png
Eritrea,2.6841,2220385,2534000000,219000000,350000,680000,250,275000,1100,20,0,1,5,13,0,1,6,0,23,0,0,0,0,0,0,18,0,148,45,89,44,461376000,191,8.60E-05,0.08642,117,116,Non-Aligned,Africa,Sub-Saharan Africa,https://flagcdn.com/w320/er.png
Estonia,2.3201,584958,57001000000,2375000000,7700,230000,400,44000,550,2,0,0,2,0,0,0,0,0,8,0,0,0,0,0,0,4,4,0,48,0,6,29040000000,10,1.71E-05,0.04167,104,103,NATO,Europe,Northern Europe,https://flagcdn.com/w320/ee.png
Ethiopia,0.8525,56904143,3.81E+11,3720968976,503000,138000,5000,626000,11500,104,0,25,9,33,0,34,7,0,100,0,0,0,0,0,0,0,0,338,142,469,79,25426000000,542,9.50E-06,0.00977,46,45,Non-Aligned,Africa,Sub-Saharan Africa,https://flagcdn.com/w320/et.png
Finland,0.8673,2306830,3.14E+11,8890000000,24000,870000,41100,42000,6700,162,0,53,11,27,1,77,0,0,165,0,0,0,0,0,0,8,18,200,125,667,76,7.26E+11,527,0.0002285,0.02835,47,46,NATO,Europe,Northern Europe,https://flagcdn.com/w320/fi.png
France,0.1798,30084820,3.73E+12,67232395000,264000,43444,44120,141600,47000,974,0,223,118,452,44,140,67,15,166,1,3,11,5,0,9,22,19,427,74,0,9,7.69E+12,1567,5.21E-05,0.01802,6,5,NATO,Europe,Western Europe,https://flagcdn.com/w320/fr.png
Gabon,3.0432,932940,48045000000,340950000,5000,0,900,4500,400,25,0,6,3,16,0,0,0,0,5,0,0,0,0,0,0,4,0,0,0,4,28,6442000000,30,3.22E-05,0.0071,142,141,Non-Aligned,Africa,Sub-Saharan Africa,https://flagcdn.com/w320/ga.png
Gambia,2.7342,15647405,82238000000,145000000,75000,0,0,165000,0,5,0,0,2,3,0,0,0,0,100,0,0,0,0,0,0,0,0,0,0,0,0,1929750000,105,6.70E-06,0.00176,125,124,Non-Aligned,Africa,Sub-Saharan Africa,https://flagcdn.com/w320/gm.png
Georgia,2.0779,2744538,91849000000,680000000,37000,205500,3000,205500,0,61,5,0,2,44,0,10,11,0,19,0,0,0,0,0,0,31,4,132,67,121,42,9085000000,212,7.72E-05,0.0074,93,92,Non-Aligned,Middle East,Western Asia (Middle East),https://flagcdn.com/w320/ge.png
Germany,0.2463,38694786,5.25E+12,1.27E+11,184324,860000,27725,63000,15531,569,63,127,55,292,27,16,49,3,96,0,0,0,11,6,6,54,12,296,134,0,33,6.86E+12,961,2.48E-05,0.02428,11,10,NATO,Europe,Western Europe,https://flagcdn.com/w320/de.png
Ghana,2.4566,14873310,2.43E+11,954423756,15500,0,1860,55000,1200,18,0,0,2,9,2,5,0,0,20,0,0,0,0,0,0,20,0,0,0,6,6,29241000000,38,2.60E-06,0.00393,110,109,Non-Aligned,Africa,Sub-Saharan Africa,https://flagcdn.com/w320/gh.png
Greece,0.5484,4916713,1.92E+11,8242150000,142700,221350,42500,200000,30000,560,0,178,17,285,8,86,28,0,186,0,0,0,14,0,9,45,3,1344,589,698,152,6.05E+11,2090,0.0004251,0.04288,29,28,NATO,Europe,Southern Europe,https://flagcdn.com/w320/gr.png
Guatemala,2.1277,7484639,2.33E+11,616000000,106114,90000,2210,196114,3200,35,3,0,10,20,2,0,0,0,25,0,0,0,0,0,0,20,0,0,0,110,0,11862000000,60,8.00E-06,0.00265,94,93,Non-Aligned,Americas,Central America,https://flagcdn.com/w320/gt.png
Guinea,2.7342,15647405,82238000000,145000000,75000,0,0,165000,0,5,0,0,2,3,0,0,0,0,100,0,0,0,0,0,0,0,0,0,0,0,0,1929750000,105,6.70E-06,0.00176,125,124,Non-Aligned,Africa,Sub-Saharan Africa,https://flagcdn.com/w320/gn.png
Guinea-bissau,2.7342,15647405,82238000000,145000000,75000,0,0,165000,0,5,0,0,2,3,0,0,0,0,100,0,0,0,0,0,0,0,0,0,0,0,0,1929750000,105,6.70E-06,0.00176,125,124,Non-Aligned,Africa,Sub-Saharan Africa,https://flagcdn.com/w320/gw.png
Honduras,2.2575,4192843,71297000000,612300000,52225,0,8520,83000,4000,45,7,6,10,11,1,10,0,0,98,0,0,0,0,0,0,93,0,22,0,48,0,7785000000,165,3.94E-05,0.00859,101,100,Non-Aligned,Americas,Central America,https://flagcdn.com/w320/hn.png
Hungary,1.0429,4632200,3.89E+11,5887250000,41600,20000,5750,32000,0,80,0,12,3,50,0,17,8,0,100,0,0,0,0,0,0,0,0,220,24,295,0,1.51E+11,400,8.64E-05,0.01513,55,54,NATO,Europe,Eastern Europe,https://flagcdn.com/w320/hu.png
Iceland,3.4013,83728,26561000000,500000000,0,0,0,0,0,0,0,0,0,0,0,0,0,0,0,0,0,0,0,0,0,0,0,0,0,0,0,24200000000,0,0,0.01882,143,142,NATO,Europe,Northern Europe,https://flagcdn.com/w320/is.png
India,0.1346,662290299,1.42E+13,1.09E+11,1431000,1000000,289000,2148000,148869,2183,124,476,277,594,72,334,79,6,343,2,0,13,18,21,18,146,0,3913,100,5640,300,2.13E+11,6439,9.70E-06,0.00765,4,3,Non-Aligned,Asia,Southern Asia,https://flagcdn.com/w320/in.png
Indonesia,0.2582,137965608,4.10E+12,11155297716,404500,401000,30100,300400,66034,460,34,41,73,212,15,114,15,1,338,0,0,0,10,26,4,211,10,331,153,396,67,2.25E+11,1129,8.20E-06,0.00272,12,11,Non-Aligned,Asia,South-East Asia,https://flagcdn.com/w320/id.png
Iran,0.3199,49496685,1.49E+12,9230000000,610000,350000,37000,350000,20000,551,21,188,86,129,10,103,13,6,109,0,0,0,7,3,25,21,1,2675,424,1803,1550,6759000000,3335,6.74E-05,0.00621,15,14,Non-Aligned,Middle East,Western Asia (Middle East),https://flagcdn.com/w320/ir.png
Iraq,0.8115,17675043,5.86E+11,8000000000,193000,0,5000,180000,3000,360,36,26,15,183,17,111,39,0,67,0,0,0,0,1,0,55,0,1188,434,610,572,15580000000,1615,9.14E-05,0.01365,43,42,Non-Aligned,Middle East,Western Asia (Middle East),https://flagcdn.com/w320/iq.png
Ireland,2.0661,2407392,6.21E+11,1754400500,7557,1720,690,7705,800,23,0,0,5,8,2,8,0,0,8,0,0,0,0,0,0,8,0,0,0,0,0,3.63E+12,31,1.29E-05,0.00283,92,91,Non-Aligned,Europe,Northern Europe,https://flagcdn.com/w320/ie.png
Israel,0.2707,3949099,4.72E+11,34600000000,169500,465000,89000,526000,19500,597,45,239,14,127,19,148,48,13,82,0,0,0,0,7,6,66,0,1300,323,171,228,1.63E+11,1979,0.0005011,0.07328,14,13,Non-Aligned,Middle East,Western Asia (Middle East),https://flagcdn.com/w320/il.png
Italy,0.2211,27434219,3.13E+12,37325165000,165500,18300,43000,97755,30000,714,65,88,31,352,22,152,37,8,285,2,0,3,14,0,8,15,10,203,64,108,21,3.03E+12,1202,4.38E-05,0.01191,9,8,NATO,Europe,Southern Europe,https://flagcdn.com/w320/it.png
Ivory-coast,2.3884,12292521,2.15E+11,18200000,22000,0,460,22000,1000,22,0,0,3,14,3,2,5,0,8,0,0,0,0,0,0,7,0,0,0,4,6,26576000000,30,2.40E-06,8.00E-05,106,105,Non-Aligned,Africa,Sub-Saharan Africa,https://flagcdn.com/w320/ci.png
Japan,0.1876,52976836,5.72E+12,58000000000,251500,56000,50000,206700,50800,1429,47,217,53,583,135,399,118,10,158,0,4,41,8,0,23,6,18,734,193,480,99,5.15E+12,2321,4.38E-05,0.01015,7,6,Non-Aligned,Asia,Eastern Asia,https://flagcdn.com/w320/jp.png
Jordan,1.5581,3463947,1.10E+11,2668500000,114500,100000,14000,146000,5500,279,10,44,12,159,11,66,44,0,27,0,0,0,0,0,0,27,0,1508,478,80,84,21058000000,1814,0.0005237,0.02426,72,71,Non-Aligned,Middle East,Western Asia (Middle East),https://flagcdn.com/w320/jo.png
Kazakhstan,1.0433,9117003,7.39E+11,5836386000,110000,135000,12000,80000,3000,168,13,37,21,72,0,25,12,0,26,0,0,0,0,0,0,23,2,353,126,194,287,25765000000,547,6.00E-05,0.00789,56,55,Non-Aligned,Asia,Central Asia,https://flagcdn.com/w320/kz.png
Kenya,1.8588,21551160,3.29E+11,1651803025,50000,0,4175,50000,2500,154,0,17,21,84,2,30,2,0,27,0,0,0,0,0,0,18,0,188,18,53,0,31451000000,369,1.71E-05,0.00503,82,81,Non-Aligned,Africa,Sub-Saharan Africa,https://flagcdn.com/w320/ke.png
Kosovo,3.8041,917371,25019000000,1177450000,4000,5000,0,9000,0,0,0,0,0,0,0,0,0,0,100,0,0,0,0,0,0,0,0,0,0,0,0,785739000,100,0.000109,0.04706,147,146,Non-Aligned,Europe,Southern Europe,https://flagcdn.com/w320/xk.png
Kuwait,1.7161,1726095,2.26E+11,7987000000,78000,24000,2500,103000,4000,133,0,47,2,68,0,13,16,3,123,0,0,0,0,0,0,106,0,367,51,0,27,60500000000,623,0.0003609,0.03535,74,73,Non-Aligned,Middle East,Western Asia (Middle East),https://flagcdn.com/w320/kw.png
Kyrgyzstan,2.3969,3147772,50907000000,654000000,23000,0,500,20000,0,7,0,0,0,7,0,0,2,0,100,0,0,0,0,0,0,0,0,215,30,174,21,3617000000,322,0.0001023,0.01285,107,106,Non-Aligned,Asia,Central Asia,https://flagcdn.com/w320/kg.png
Laos,2.8672,3499565,66905000000,355600000,100000,30000,500,130000,2000,29,0,0,2,20,0,7,0,0,100,0,0,0,0,0,0,0,0,160,50,97,64,9619000000,289,8.26E-05,0.00531,136,135,Non-Aligned,Asia,South-East Asia,https://flagcdn.com/w320/la.png
Latvia,2.2316,810561,72516000000,42000000,17870,38000,250,55870,1000,3,0,0,0,3,0,0,0,0,18,0,0,0,0,0,0,11,6,0,47,0,0,48598440000,21,2.59E-05,0.00058,100,99,NATO,Europe,Northern Europe,https://flagcdn.com/w320/lv.png
Lebanon,2.6521,2092148,65415000000,800000000,80000,15000,2500,99000,1500,80,9,0,0,68,0,9,0,0,48,0,0,0,0,0,0,42,0,334,12,350,11,41619000000,462,0.0002208,0.01223,116,115,Non-Aligned,Middle East,Western Asia (Middle East),https://flagcdn.com/w320/lb.png
Lesotho,2.7342,15647405,82238000000,145000000,75000,0,0,165000,0,5,0,0,2,3,0,0,0,0,100,0,0,0,0,0,0,0,0,0,0,0,0,1929750000,105,6.70E-06,0.00176,125,124,Non-Aligned,Africa,Sub-Saharan Africa,https://flagcdn.com/w320/ls.png
Liberia,3.9275,2392390,9308000000,20700000,2100,0,0,2100,300,0,0,0,0,0,0,0,0,0,6,0,0,0,0,0,0,6,0,0,0,0,0,1335000000,6,2.50E-06,0.00222,150,149,Non-Aligned,Africa,Sub-Saharan Africa,https://flagcdn.com/w320/lr.png
Libya,1.7872,3827857,90609000000,1474800000,32000,0,1000,85000,7500,83,1,10,12,22,0,35,4,0,5,0,0,0,1,0,0,2,0,55,20,38,25,3654200000,143,3.74E-05,0.01628,78,77,Non-Aligned,Africa,Northern Africa,https://flagcdn.com/w320/ly.png
Lithuania,1.8949,1708321,1.36E+11,5651760000,23000,104000,1500,21000,700,9,0,0,5,4,0,0,0,0,13,0,0,0,0,0,0,5,4,0,16,54,0,48400000000,22,1.29E-05,0.04149,86,85,NATO,Europe,Northern Europe,https://flagcdn.com/w320/lt.png
Luxembourg,2.4429,154388,86871000000,1530685000,1200,0,0,1200,0,1,0,0,1,0,0,0,0,0,100,0,0,0,0,0,0,0,0,0,0,0,0,5.20E+12,101,0.0006542,0.01762,108,107,NATO,Europe,Western Europe,https://flagcdn.com/w320/lu.png
Madagascar,3.0381,11192031,52968000000,147630000,13500,0,300,21600,500,6,0,0,1,5,0,0,0,0,7,0,0,0,0,0,0,5,0,12,0,17,0,3548000000,25,2.20E-06,0.00279,141,140,Non-Aligned,Africa,Sub-Saharan Africa,https://flagcdn.com/w320/mg.png
Malawi,2.7342,15647405,82238000000,145000000,75000,0,0,165000,0,5,0,0,2,3,0,0,0,0,100,0,0,0,0,0,0,0,0,0,0,0,0,1929750000,105,6.70E-06,0.00176,125,124,Non-Aligned,Africa,Sub-Saharan Africa,https://flagcdn.com/w320/mw.png
Malaysia,0.7379,16245461,1.21E+12,5100000000,113000,51600,15000,130000,18000,132,11,25,15,45,6,31,0,4,100,0,0,0,2,4,2,72,4,48,0,196,36,8748000000,280,1.72E-05,0.00421,41,40,Non-Aligned,Asia,South-East Asia,https://flagcdn.com/w320/my.png
Mali,2.2598,6817088,71253000000,1110000000,40000,0,550,44800,0,44,12,9,8,10,1,4,8,0,100,0,0,0,0,0,0,0,0,0,0,50,30,4085000000,144,2.11E-05,0.01558,102,101,Non-Aligned,Africa,Sub-Saharan Africa,https://flagcdn.com/w320/ml.png
Mauritania,2.7919,1687936,33069000000,270625000,31540,66000,1105,102540,1500,23,4,0,7,4,2,6,0,0,6,0,0,0,0,0,0,6,0,51,0,75,0,3072000000,80,4.74E-05,0.00818,134,133,Non-Aligned,Africa,Sub-Saharan Africa,https://flagcdn.com/w320/mr.png
Mauritius,2.7342,15647405,82238000000,145000000,75000,0,0,165000,0,5,0,0,2,3,0,0,0,0,100,0,0,0,0,0,0,0,0,0,0,0,0,1929750000,105,6.70E-06,0.00176,125,124,Non-Aligned,Africa,Sub-Saharan Africa,https://flagcdn.com/w320/mu.png
Mexico,0.6401,61447766,2.88E+12,9100000000,387000,98653,30515,275443,92043,424,32,2,40,173,25,175,0,0,164,0,0,0,1,3,0,142,0,0,35,0,0,3.06E+11,588,9.60E-06,0.00316,35,34,Non-Aligned,Americas,Central America,https://flagcdn.com/w320/mx.png
Moldova,3.6225,2159717,39342000000,114114000,6500,2000,700,4000,0,3,0,0,1,2,0,0,0,0,100,0,0,0,0,0,0,0,0,0,4,67,11,2637000000,103,4.77E-05,0.0029,145,144,Non-Aligned,Europe,Eastern Europe,https://flagcdn.com/w320/md.png
Mongolia,1.9987,1870555,59221000000,1590000000,35000,230000,1500,35000,0,8,0,0,3,3,0,2,0,0,100,0,0,0,0,0,0,0,0,420,0,500,130,8379000000,528,0.0002823,0.02685,91,90,Non-Aligned,Asia,Eastern Asia,https://flagcdn.com/w320/mn.png
Montenegro,2.9782,143964,17375000000,204000000,2350,0,480,1500,550,10,0,0,0,10,0,0,0,0,20,0,0,0,0,0,0,14,0,0,0,12,12,3643000000,30,0.0002084,0.01174,138,137,NATO,Europe,Southern Europe,https://flagcdn.com/w320/me.png
Morocco,1.0368,17946041,3.51E+11,16100000000,400000,250000,13000,500000,9300,271,0,84,31,73,4,77,6,2,100,0,0,0,6,1,0,84,0,1346,544,188,185,42262000000,1717,9.57E-05,0.04592,54,53,Non-Aligned,Africa,Northern Africa,https://flagcdn.com/w320/ma.png
Mozambique,1.9769,14674420,51786000000,480000000,11200,0,4000,11200,1000,23,2,8,5,7,0,1,2,0,36,0,0,0,0,0,0,36,0,60,0,104,12,8274000000,119,8.10E-06,0.00927,90,89,Non-Aligned,Africa,Sub-Saharan Africa,https://flagcdn.com/w320/mz.png
Myanmar,0.6265,30489384,2.88E+11,2815031361,228000,19000,25000,255000,30000,331,20,70,33,86,5,120,9,0,239,0,0,0,6,3,3,146,2,1040,225,1680,1520,8748000000,1610,5.28E-05,0.00979,34,33,Non-Aligned,Asia,South-East Asia,https://flagcdn.com/w320/mm.png
Namibia,2.7414,616805,31154000000,450498000,17567,0,1175,8500,3000,36,0,11,5,7,0,13,2,0,15,0,0,0,0,2,0,15,0,7,0,50,55,9680000000,58,9.40E-05,0.01446,133,132,Non-Aligned,Africa,Sub-Saharan Africa,https://flagcdn.com/w320/na.png
Nepal,2.8037,15249970,1.50E+11,431355326,98500,82000,1000,97500,0,17,0,0,7,10,0,0,0,0,100,0,0,0,0,0,0,0,0,0,0,14,0,5719000000,117,7.70E-06,0.00288,135,134,Non-Aligned,Asia,Southern Asia,https://flagcdn.com/w320/np.png
Netherlands,0.6142,7997570,1.28E+12,31791150000,44245,8510,9500,53212,24822,130,38,0,4,67,0,21,16,0,140,0,0,0,6,0,3,76,3,18,46,0,4,5.26E+12,288,3.60E-05,0.02491,33,32,NATO,Europe,Western Europe,https://flagcdn.com/w320/nl.png
New-zealand,1.9258,2219321,2.57E+11,2455949332,10050,3300,2875,6345,2873,47,0,0,7,21,6,13,0,0,8,0,0,0,2,0,0,4,0,0,0,31,0,2.31E+11,55,2.48E-05,0.00955,88,87,Non-Aligned,Oceania,Australia & New Zealand,https://flagcdn.com/w320/nz.png
Nicaragua,2.5894,3271705,52989000000,1311600000,45000,0,815,42935,1250,17,0,0,5,12,0,1,0,0,23,0,0,0,0,0,0,23,0,186,0,347,151,6753000000,226,6.91E-05,0.02475,114,113,Non-Aligned,Americas,Central America,https://flagcdn.com/w320/ni.png
Niger,2.6867,7902835,47921000000,488400000,25000,0,1250,10000,0,26,2,0,7,13,2,0,2,0,100,0,0,0,0,0,0,0,0,0,0,0,0,3793000000,126,1.59E-05,0.01019,118,117,Non-Aligned,Africa,Sub-Saharan Africa,https://flagcdn.com/w320/ne.png
Nigeria,0.6097,125475979,1.32E+12,3900000000,230000,0,18000,1960000,11000,159,24,14,12,69,12,28,15,0,152,0,0,0,1,0,0,132,2,330,40,339,37,45009000000,641,5.10E-06,0.00296,32,31,Non-Aligned,Africa,Sub-Saharan Africa,https://flagcdn.com/w320/ng.png
North-korea,0.5933,9467520,15416000000,4750000000,1320000,560000,110000,1370000,60000,837,114,341,1,205,0,176,20,0,332,0,0,2,2,8,24,227,1,4895,1300,700,1500,6050000000,6064,0.0006405,0.30812,30,29,Non-Aligned,Asia,Eastern Asia,https://flagcdn.com/w320/kp.png
North-macedonia,2.4956,948216,43844000000,421527100,10010,60000,950,70011,0,20,0,0,0,10,0,10,4,0,100,0,0,0,0,0,0,0,0,0,0,156,18,5637000000,120,0.0001266,0.00961,112,111,NATO,Europe,Southern Europe,https://flagcdn.com/w320/mk.png
Norway,0.6679,2203893,5.08E+11,11189483200,33440,20100,3650,8735,4010,109,43,0,4,34,5,23,0,0,48,0,0,0,4,6,6,20,5,36,28,0,0,7.88E+11,193,8.76E-05,0.02204,38,37,NATO,Europe,Northern Europe,https://flagcdn.com/w320/no.png
Oman,1.8823,1482757,1.94E+11,8364000000,100000,0,6145,100000,4200,128,10,29,9,31,4,45,0,0,17,0,0,0,0,5,0,8,0,264,24,144,0,55986700000,409,0.0002758,0.0432,84,83,Non-Aligned,Middle East,Western Asia (Middle East),https://flagcdn.com/w320/om.png
Pakistan,0.2626,108516336,1.39E+12,9102115350,660000,550000,78000,1311500,57500,1397,90,331,63,379,27,563,55,4,120,0,0,0,9,6,8,79,3,2677,662,2629,652,89148000000,4194,3.86E-05,0.00655,13,12,Non-Aligned,Asia,Southern Asia,https://flagcdn.com/w320/pk.png
Panama,3.5011,2011608,1.64E+11,1069750000,16300,0,500,80000,0,38,0,0,13,23,2,0,0,0,22,0,0,0,0,0,0,14,0,0,0,0,0,1.23E+12,60,2.98E-05,0.0065,144,143,Non-Aligned,Americas,Central America,https://flagcdn.com/w320/pa.png
Paraguay,1.7974,3535598,1.13E+11,416800000,15650,168500,1100,180000,5400,49,4,0,12,18,1,14,0,0,100,0,0,0,0,0,0,0,0,10,6,50,0,13783000000,159,4.50E-05,0.00369,79,78,Non-Aligned,Americas,South America,https://flagcdn.com/w320/py.png
Peru,0.8827,15648120,5.36E+11,2552000000,120000,386000,12100,92500,26000,252,22,15,39,112,12,68,16,0,78,0,0,0,7,8,6,13,0,355,12,290,61,38102000000,685,4.38E-05,0.00476,49,48,Non-Aligned,Americas,South America,https://flagcdn.com/w320/pe.png
Philippines,0.6993,50859137,1.20E+12,6571641011,160000,1500000,33600,1310000,42270,204,17,0,23,130,11,23,6,0,127,0,0,0,4,1,0,60,0,18,12,296,0,63241000000,349,6.90E-06,0.00547,40,39,Non-Aligned,Asia,South-East Asia,https://flagcdn.com/w320/ph.png
Poland,0.3891,18985692,1.65E+12,55865141600,250000,350000,16500,110000,8240,457,12,58,44,224,11,112,29,0,63,0,0,0,2,2,1,3,29,798,593,0,298,4.26E+11,1318,6.94E-05,0.03388,20,19,NATO,Europe,Eastern Europe,https://flagcdn.com/w320/pl.png
Portugal,0.6659,5319863,5.57E+11,6760000000,25000,23500,6000,12000,7000,128,5,28,20,36,16,23,0,4,128,0,0,0,5,2,2,71,0,34,23,54,0,5.30E+11,290,5.45E-05,0.01214,37,36,NATO,Europe,Southern Europe,https://flagcdn.com/w320/pt.png
Qatar,1.4096,638022,3.17E+11,11950000000,26550,4000,2000,12500,2500,263,6,115,12,85,0,45,24,0,125,0,0,0,0,4,0,107,0,62,46,12,16,2.06E+11,450,0.0007053,0.03769,69,68,Non-Aligned,Middle East,Western Asia (Middle East),https://flagcdn.com/w320/qa.png
Republic-of-the-congo,2.6259,2256136,39147000000,933360000,10000,0,675,9325,0,14,0,2,4,8,0,0,1,0,4,0,0,0,0,0,0,0,0,61,3,38,30,6360000000,79,3.50E-05,0.02384,115,114,Non-Aligned,Africa,Sub-Saharan Africa,https://flagcdn.com/w320/ca.png
Romania,0.9558,9437041,7.74E+11,10230630000,90000,55000,11700,39250,6800,148,0,29,13,66,2,44,0,0,18,0,0,0,3,7,0,0,7,451,0,720,243,1.45E+11,617,6.54E-05,0.01321,51,50,NATO,Europe,Eastern Europe,https://flagcdn.com/w320/ro.png
Russia,0.0791,69002197,6.09E+12,2.13E+11,1320000,2000000,203376,600000,160000,4237,698,861,458,1643,137,530,556,18,747,1,0,13,12,79,66,70,45,5630,3603,5920,2486,2.26E+11,10614,0.0001538,0.03492,2,1,Non-Aligned,Europe,Eastern Europe,https://flagcdn.com/w320/ru.png
Saudi-arabia,0.4473,19003104,2.21E+12,63988055520,247000,0,30000,75000,13500,917,81,283,49,264,16,202,34,22,32,0,0,0,7,9,0,9,3,1085,380,557,327,2.48E+11,2034,0.000107,0.02891,24,23,Non-Aligned,Middle East,Western Asia (Middle East),https://flagcdn.com/w320/sa.png
Senegal,2.8925,7162057,83183000000,777800000,17000,0,1000,15460,500,39,0,0,5,19,1,22,5,0,4,0,0,0,0,0,0,4,0,0,0,20,6,14985000000,43,6.00E-06,0.00935,137,136,Non-Aligned,Africa,Sub-Saharan Africa,https://flagcdn.com/w320/sn.png
Serbia,1.2938,3259584,1.77E+11,2770000000,22500,2000,3000,13200,0,115,17,11,3,51,0,33,4,0,100,0,0,0,0,0,0,0,0,242,96,150,73,21726000000,457,0.0001402,0.01564,61,60,Non-Aligned,Europe,Southern Europe,https://flagcdn.com/w320/rs.png
Sierra-leone,3.9201,2006631,26728000000,450000000,13000,0,175,12575,250,1,0,0,0,1,0,0,0,0,10,0,0,0,0,0,0,10,0,0,0,0,0,1451000000,11,5.50E-06,0.01684,149,148,Non-Aligned,Africa,Sub-Saharan Africa,https://flagcdn.com/w320/sl.png
Singapore,0.5272,3918498,8.00E+11,18000000000,51000,252500,13500,280000,9000,235,0,100,9,75,9,36,20,11,101,0,0,0,6,6,6,55,4,170,48,89,24,1.88E+12,506,0.0001291,0.02249,28,27,Non-Aligned,Asia,South-East Asia,https://flagcdn.com/w320/sg.png
Slovakia,1.3911,2837461,2.19E+11,2900000000,20982,0,3200,18282,0,48,0,7,7,22,1,11,0,0,100,0,0,0,0,0,0,0,0,45,35,9,25,1.40E+11,193,6.80E-05,0.01326,67,66,NATO,Other,Other Subregion,https://flagcdn.com/w320/sk.png
Slovenia,1.9404,1006989,1.03E+11,1782000000,7000,26000,615,32035,350,40,0,0,5,16,0,23,0,0,3,0,0,0,0,0,0,3,0,54,17,18,0,60500000000,97,9.63E-05,0.01728,89,88,NATO,Europe,Southern Europe,https://flagcdn.com/w320/si.png
Somalia,3.7393,2993973,26770000000,870000000,30000,0,550,29150,500,6,0,0,0,6,0,0,0,0,19,0,0,0,0,0,0,19,0,0,0,0,0,2563000000,25,8.40E-06,0.0325,146,145,Non-Aligned,Africa,Sub-Saharan Africa,https://flagcdn.com/w320/so.png
South-africa,0.6843,27803618,8.70E+11,2877000000,68731,29350,13815,53872,7890,181,0,2,11,87,0,81,10,0,63,0,0,0,4,0,3,42,4,248,52,434,201,93879000000,492,1.77E-05,0.00331,39,38,Non-Aligned,Africa,Sub-Saharan Africa,https://flagcdn.com/w320/za.png
South-korea,0.1642,26040900,2.61E+12,44800000000,450000,3100000,65000,365000,70000,1540,98,242,40,827,35,335,113,4,215,0,2,14,18,3,22,96,14,1831,2780,5800,525,5.54E+11,3586,0.0001377,0.01718,5,4,Non-Aligned,Asia,Eastern Asia,https://flagcdn.com/w320/kr.png
South-sudan,2.4645,6351857,6752000000,30700000,185000,0,230,184120,325,19,0,0,4,15,0,0,6,0,100,0,0,0,0,0,0,0,0,122,24,0,15,2722500000,241,3.79E-05,0.00455,111,110,Non-Aligned,Africa,Sub-Saharan Africa,https://flagcdn.com/w320/ss.png
Spain,0.3247,21748999,2.36E+12,39000676350,121802,24033,23000,85978,20840,440,12,136,51,169,8,108,17,0,175,1,0,0,11,0,2,112,6,298,96,188,0,2.83E+12,913,4.20E-05,0.01652,17,16,NATO,Europe,Southern Europe,https://flagcdn.com/w320/es.png
Sri-lanka,1.3822,10551652,3.01E+11,1500000000,346000,90000,26000,150000,40000,90,0,6,15,49,3,7,8,0,275,0,0,0,5,0,0,259,0,87,0,96,28,42198000000,452,4.28E-05,0.00498,66,65,Non-Aligned,Asia,Southern Asia,https://flagcdn.com/w320/lk.png
Sudan,1.3563,26747657,94420000000,394700000,300000,200000,13000,485500,2000,183,36,37,13,64,0,33,35,0,10,0,0,0,0,0,0,10,0,1055,100,1150,800,21650000000,1248,4.67E-05,0.00418,64,63,Non-Aligned,Africa,Sub-Saharan Africa,https://flagcdn.com/w320/sd.png
Suriname,4.0538,142287,12316000000,58440000,2500,0,150,1000,250,3,0,0,0,3,0,0,0,0,17,0,0,0,0,0,0,17,0,0,0,0,0,2645000000,20,0.0001406,0.00475,151,150,Non-Aligned,Americas,South America,https://flagcdn.com/w320/sr.png
Sweden,0.4834,4235934,6.69E+11,15900000000,25600,34000,8255,15300,2100,172,0,73,6,53,3,36,0,1,279,0,0,0,0,7,4,116,8,110,24,0,0,1.10E+12,561,0.0001324,0.02378,25,24,NATO,Europe,Northern Europe,https://flagcdn.com/w320/se.png
Switzerland,0.8396,3898653,7.41E+11,8372658426,147178,0,20000,127178,0,141,0,40,16,39,3,43,0,0,100,0,0,0,0,0,0,0,0,134,133,0,0,2.42E+12,375,9.62E-05,0.0113,45,44,Non-Aligned,Europe,Western Europe,https://flagcdn.com/w320/ch.png
Syria,1.8861,15273871,98858000000,145925000,100000,0,7500,100000,3250,104,5,52,2,39,0,8,7,0,12,0,0,0,0,0,0,8,0,168,60,0,0,4441250000,284,1.86E-05,0.00148,85,84,Non-Aligned,Middle East,Western Asia (Middle East),https://flagcdn.com/w320/sy.png
Taiwan,0.3927,12269542,1.74E+12,31180000000,230000,1657000,125000,94000,107000,720,0,258,19,239,18,215,91,0,91,0,0,4,21,7,4,36,10,1090,488,1360,223,2.30E+11,1901,0.0001549,0.01789,21,20,Non-Aligned,Asia,Eastern Asia,https://flagcdn.com/w320/tw.png
Tajikistan,2.1749,4781269,50370000000,450460000,150000,600000,1200,9000,0,25,0,0,1,20,0,4,6,0,100,0,0,0,0,0,0,0,0,38,3,13,24,3024000000,163,3.41E-05,0.00894,98,97,Non-Aligned,Asia,Central Asia,https://flagcdn.com/w320/tj.png
Tanzania,1.9111,12143182,2.47E+11,1476113361,25000,0,1825,21975,1200,38,0,11,6,15,0,6,0,0,12,0,0,0,0,0,0,10,0,200,0,205,70,17513000000,250,2.06E-05,0.00598,87,86,Non-Aligned,Africa,Sub-Saharan Africa,https://flagcdn.com/w320/tz.png
Thailand,0.4458,36358919,1.56E+12,6006660000,360850,200000,46000,245000,69850,496,26,73,52,258,25,134,7,0,304,0,1,0,7,5,0,254,5,744,59,595,17,37065000000,1544,4.25E-05,0.00386,23,22,Non-Aligned,Asia,South-East Asia,https://flagcdn.com/w320/th.png
Tunisia,1.7823,6024424,1.56E+11,2172751250,89800,0,4500,150000,5000,155,0,10,12,101,4,28,0,0,37,0,0,0,1,1,0,30,0,145,0,105,0,21212000000,337,5.59E-05,0.01392,77,76,Non-Aligned,Africa,Northern Africa,https://flagcdn.com/w320/tn.png
Turkiye,2.7342,15647405,82238000000,145000000,75000,0,0,165000,0,5,0,0,2,3,0,0,0,0,100,0,0,0,0,0,0,0,0,0,0,0,0,1929750000,105,6.70E-06,0.00176,125,124,NATO,Middle East,Western Asia (Middle East),https://flagcdn.com/w320/tr.png
Turkmenistan,1.7459,2768681,1.35E+11,1463000000,36500,0,3000,42760,2000,91,27,22,5,26,0,11,10,0,16,0,0,0,0,0,0,16,0,654,73,457,164,3696000000,761,0.0002749,0.01087,76,75,Non-Aligned,Asia,Central Asia,https://flagcdn.com/w320/tm.png
Uganda,2.3252,16756234,1.44E+11,1510000000,45000,0,1200,43800,0,51,0,6,3,30,0,12,6,0,100,0,0,0,0,0,0,0,0,259,6,26,12,10469000000,410,2.45E-05,0.01048,105,104,Non-Aligned,Africa,Sub-Saharan Africa,https://flagcdn.com/w320/ug.png
Ukraine,0.3691,18187531,5.78E+11,45000000000,900000,4000000,35000,250000,11000,347,30,88,22,140,5,72,39,0,169,0,0,0,0,0,0,133,5,1121,682,625,288,90003000000,1637,9.00E-05,0.07791,19,18,Non-Aligned,Europe,Eastern Europe,https://flagcdn.com/w320/ua.png
United-arab-emirates,1.0188,5818684,7.46E+11,23480000000,65000,130000,7000,44000,3000,581,40,99,35,250,27,151,30,5,84,0,0,0,0,11,0,34,2,354,165,99,49,2.90E+11,1019,0.0001751,0.03147,53,52,Non-Aligned,Other,Other Subregion,https://flagcdn.com/w320/ae.png
United-kingdom,0.1881,31491165,3.64E+12,88526529585,141330,31940,34800,108413,37890,625,38,103,30,262,29,201,50,9,116,2,0,6,7,0,10,26,8,288,14,126,43,1.06E+13,1029,3.27E-05,0.02435,8,7,NATO,Europe,Northern Europe,https://flagcdn.com/w320/gb.png
United-states-of-america,0.0741,150463900,2.57E+13,8.32E+11,1333030,799500,708758,1174890,612124,13032,926,1791,917,5913,611,2610,1024,610,465,11,9,83,0,27,66,0,4,4666,1521,1878,1731,2.45E+13,18163,0.0001207,0.03238,1,0,NATO,Americas,Northern America,https://flagcdn.com/w320/us.png
Uruguay,2.1537,1575652,1.09E+11,1903440000,24000,0,2850,15450,5700,43,6,0,6,12,5,12,0,2,16,0,0,0,0,0,0,5,2,62,16,83,4,54450000000,121,7.68E-05,0.01754,95,94,Non-Aligned,Americas,South America,https://flagcdn.com/w320/uy.png
Uzbekistan,0.9908,18990708,3.80E+11,6210000000,120000,0,15000,95000,550,159,13,26,12,101,0,7,34,0,0,0,0,0,0,0,0,0,0,470,177,236,108,25714000000,629,3.31E-05,0.01634,52,51,Non-Aligned,Asia,Central Asia,https://flagcdn.com/w320/uz.png
Venezuela,0.9106,15625153,1.11E+11,6060000000,109000,8000,10755,300745,25500,224,0,30,47,85,3,75,10,1,41,0,0,0,1,0,3,26,0,282,60,92,56,1.21E+11,547,3.50E-05,0.05462,50,49,Non-Aligned,Americas,South America,https://flagcdn.com/w320/ve.png
Vietnam,0.4066,54994667,1.46E+12,10200000000,450000,5000000,35000,5450000,50000,265,0,61,6,101,3,91,0,0,116,0,0,0,9,17,6,27,8,1999,30,3250,774,34426000000,2380,4.33E-05,0.00701,22,21,Non-Aligned,Asia,South-East Asia,https://flagcdn.com/w320/vn.png
Yemen,2.1617,12213368,18719000000,405187500,33350,0,3850,56350,3250,160,0,68,3,59,0,30,14,0,26,0,0,0,0,1,0,9,0,0,12,60,30,6492000000,186,1.52E-05,0.02165,96,95,Non-Aligned,Middle East,Western Asia (Middle East),https://flagcdn.com/w320/ye.png
Zambia,2.4461,7279691,79207000000,385321000,15150,0,3745,13250,0,78,0,0,13,33,0,34,0,0,100,0,0,0,0,0,0,0,0,75,12,60,50,16597000000,253,3.48E-05,0.00486,109,108,Non-Aligned,Africa,Sub-Saharan Africa,https://flagcdn.com/w320/zm.png
Zimbabwe,2.2801,6517134,57391000000,1976800000,29000,0,5000,25000,0,80,9,9,14,28,0,20,6,0,100,0,0,0,0,0,0,0,0,60,0,0,0,6671000000,240,3.68E-05,0.03444,103,102,Non-Aligned,Africa,Sub-Saharan Africa,https://flagcdn.com/w320/zw.png
